{
  "floor_normal": [
    0.2703631818294525,
    -0.027905303984880447,
    -0.9623538851737976
  ],
  "floor_offset": -2.8926167488098145,
  "detection_step": 191,
  "timestamp": 0.0
}